[{"model": "admin.logentry", "pk": 1, "fields": {"action_time": "2025-06-16T15:50:59.349Z", "user": 1, "content_type": 7, "object_id": "1", "object_repr": "Is this game for me?", "action_flag": 1, "change_message": "[{\"added\": {}}]"}}, {"model": "admin.logentry", "pk": 2, "fields": {"action_time": "2025-06-16T15:51:33.212Z", "user": 1, "content_type": 7, "object_id": "2", "object_repr": "Literally UNplayable", "action_flag": 1, "change_message": "[{\"added\": {}}]"}}, {"model": "admin.logentry", "pk": 3, "fields": {"action_time": "2025-06-23T09:21:14.319Z", "user": 1, "content_type": 9, "object_id": "1", "object_repr": "Art", "action_flag": 1, "change_message": "[{\"added\": {}}]"}}, {"model": "admin.logentry", "pk": 4, "fields": {"action_time": "2025-06-23T09:21:32.564Z", "user": 1, "content_type": 9, "object_id": "2", "object_repr": "Community Event", "action_flag": 1, "change_message": "[{\"added\": {}}]"}}, {"model": "admin.logentry", "pk": 5, "fields": {"action_time": "2025-06-23T09:21:43.394Z", "user": 1, "content_type": 9, "object_id": "3", "object_repr": "Buildcraft", "action_flag": 1, "change_message": "[{\"added\": {}}]"}}, {"model": "admin.logentry", "pk": 6, "fields": {"action_time": "2025-06-23T09:22:29.911Z", "user": 1, "content_type": 9, "object_id": "1", "object_repr": "[Art]", "action_flag": 2, "change_message": "[{\"changed\": {\"fields\": [\"Name\"]}}]"}}, {"model": "admin.logentry", "pk": 7, "fields": {"action_time": "2025-06-23T09:22:41.951Z", "user": 1, "content_type": 9, "object_id": "2", "object_repr": "[Community Event]", "action_flag": 2, "change_message": "[{\"changed\": {\"fields\": [\"Name\"]}}]"}}, {"model": "admin.logentry", "pk": 8, "fields": {"action_time": "2025-06-23T09:22:50.433Z", "user": 1, "content_type": 9, "object_id": "3", "object_repr": "[Buildcraft]", "action_flag": 2, "change_message": "[{\"changed\": {\"fields\": [\"Name\"]}}]"}}, {"model": "admin.logentry", "pk": 9, "fields": {"action_time": "2025-06-23T09:23:07.123Z", "user": 1, "content_type": 9, "object_id": "4", "object_repr": "[Question]", "action_flag": 1, "change_message": "[{\"added\": {}}]"}}, {"model": "admin.logentry", "pk": 10, "fields": {"action_time": "2025-06-23T09:23:41.030Z", "user": 1, "content_type": 9, "object_id": "5", "object_repr": "[Discussion]", "action_flag": 1, "change_message": "[{\"added\": {}}]"}}, {"model": "admin.logentry", "pk": 11, "fields": {"action_time": "2025-06-23T09:24:20.858Z", "user": 1, "content_type": 9, "object_id": "6", "object_repr": "[Other]", "action_flag": 1, "change_message": "[{\"added\": {}}]"}}, {"model": "admin.logentry", "pk": 12, "fields": {"action_time": "2025-06-23T09:30:00.647Z", "user": 1, "content_type": 4, "object_id": "1", "object_repr": "dishfish58", "action_flag": 2, "change_message": "[{\"changed\": {\"fields\": [\"Username\"]}}]"}}, {"model": "admin.logentry", "pk": 13, "fields": {"action_time": "2025-06-23T09:33:04.737Z", "user": 1, "content_type": 7, "object_id": "2", "object_repr": "Literally unplayable", "action_flag": 2, "change_message": "[{\"changed\": {\"fields\": [\"Host\", \"Topic\", \"Name\", \"Description\"]}}]"}}, {"model": "admin.logentry", "pk": 14, "fields": {"action_time": "2025-06-23T09:37:17.006Z", "user": 1, "content_type": 4, "object_id": "2", "object_repr": "V1olet", "action_flag": 1, "change_message": "[{\"added\": {}}]"}}, {"model": "admin.logentry", "pk": 15, "fields": {"action_time": "2025-06-23T09:41:08.478Z", "user": 1, "content_type": 7, "object_id": "1", "object_repr": "New to the game", "action_flag": 2, "change_message": "[{\"changed\": {\"fields\": [\"Host\", \"Topic\", \"Name\", \"Description\"]}}]"}}, {"model": "admin.logentry", "pk": 16, "fields": {"action_time": "2025-06-23T09:42:25.437Z", "user": 1, "content_type": 8, "object_id": "1", "object_repr": "no", "action_flag": 1, "change_message": "[{\"added\": {}}]"}}, {"model": "admin.logentry", "pk": 17, "fields": {"action_time": "2025-07-01T09:52:10.616Z", "user": 1, "content_type": 3, "object_id": "1", "object_repr": "Moderators", "action_flag": 1, "change_message": "[{\"added\": {}}]"}}, {"model": "admin.logentry", "pk": 18, "fields": {"action_time": "2025-07-01T09:53:07.489Z", "user": 1, "content_type": 4, "object_id": "3", "object_repr": "tim2", "action_flag": 2, "change_message": "[{\"changed\": {\"fields\": [\"Groups\"]}}]"}}, {"model": "admin.logentry", "pk": 19, "fields": {"action_time": "2025-07-03T22:09:08.880Z", "user": 1, "content_type": 4, "object_id": "9", "object_repr": "nondi", "action_flag": 3, "change_message": ""}}, {"model": "admin.logentry", "pk": 20, "fields": {"action_time": "2025-07-03T22:15:58.422Z", "user": 1, "content_type": 4, "object_id": "8", "object_repr": "whatisgoingon", "action_flag": 3, "change_message": ""}}, {"model": "admin.logentry", "pk": 21, "fields": {"action_time": "2025-07-03T22:16:03.225Z", "user": 1, "content_type": 4, "object_id": "5", "object_repr": "wiwi", "action_flag": 3, "change_message": ""}}, {"model": "admin.logentry", "pk": 22, "fields": {"action_time": "2025-07-03T22:16:07.279Z", "user": 1, "content_type": 4, "object_id": "10", "object_repr": "nondi", "action_flag": 3, "change_message": ""}}, {"model": "admin.logentry", "pk": 23, "fields": {"action_time": "2025-07-03T22:16:19.697Z", "user": 1, "content_type": 4, "object_id": "4", "object_repr": "maryh7", "action_flag": 3, "change_message": ""}}, {"model": "admin.logentry", "pk": 24, "fields": {"action_time": "2025-07-03T22:16:25.193Z", "user": 1, "content_type": 4, "object_id": "7", "object_repr": "iam", "action_flag": 3, "change_message": ""}}, {"model": "admin.logentry", "pk": 25, "fields": {"action_time": "2025-07-03T22:16:31.341Z", "user": 1, "content_type": 4, "object_id": "6", "object_repr": "literally", "action_flag": 3, "change_message": ""}}, {"model": "admin.logentry", "pk": 26, "fields": {"action_time": "2025-07-03T22:23:45.734Z", "user": 1, "content_type": 4, "object_id": "11", "object_repr": "nandi", "action_flag": 3, "change_message": ""}}, {"model": "admin.logentry", "pk": 27, "fields": {"action_time": "2025-07-04T10:21:32.004Z", "user": 1, "content_type": 4, "object_id": "13", "object_repr": "nobody9", "action_flag": 3, "change_message": ""}}, {"model": "admin.logentry", "pk": 28, "fields": {"action_time": "2025-07-04T10:21:39.204Z", "user": 1, "content_type": 4, "object_id": "12", "object_repr": "nandi2", "action_flag": 3, "change_message": ""}}, {"model": "admin.logentry", "pk": 29, "fields": {"action_time": "2025-07-08T12:46:08.401Z", "user": 1, "content_type": 3, "object_id": "1", "object_repr": "Moderators", "action_flag": 2, "change_message": "[{\"changed\": {\"fields\": [\"Permissions\"]}}]"}}, {"model": "auth.group", "pk": 1, "fields": {"name": "Moderators", "permissions": [1, 2, 3, 4, 15, 16, 29, 31, 32, 25, 26, 27, 28, 17, 18, 19, 20, 63]}}, {"model": "auth.user", "pk": 1, "fields": {"password": "pbkdf2_sha256$1000000$vl6Fxfh8PyhlFN68mAvRpG$FqbnngcgwJlMDJo4xavET/5PDW/tS0YUTSLrhPY7Ybc=", "last_login": "2025-07-08T12:45:16.774Z", "is_superuser": true, "username": "dishfish58", "first_name": "", "last_name": "", "email": "ser@email.com", "is_staff": true, "is_active": true, "date_joined": "2025-06-16T15:43:58Z", "groups": [], "user_permissions": []}}, {"model": "auth.user", "pk": 2, "fields": {"password": "pbkdf2_sha256$1000000$VsHKDncTlSZPN93hRG6STS$Ui5+4gNu2HF7RCLMa6nFj2YrR9/6dRpQbHBKxxdjfdM=", "last_login": "2025-07-08T13:44:01.006Z", "is_superuser": false, "username": "V1olet", "first_name": "", "last_name": "", "email": "violet@mail.com", "is_staff": false, "is_active": true, "date_joined": "2025-06-23T09:37:15.767Z", "groups": [], "user_permissions": []}}, {"model": "auth.user", "pk": 3, "fields": {"password": "pbkdf2_sha256$1000000$TUsRSxLvb96vwdMeesNtea$wLRlHgrqaRUnqR6pJv08DH+WsGb01/XgfGYJNR51hsM=", "last_login": "2025-07-08T13:24:52.510Z", "is_superuser": false, "username": "tim2", "first_name": "", "last_name": "", "email": "tim@mail.com", "is_staff": false, "is_active": true, "date_joined": "2025-06-27T10:02:41Z", "groups": [1], "user_permissions": []}}, {"model": "auth.user", "pk": 14, "fields": {"password": "pbkdf2_sha256$1000000$RW060OFG3PqUc1rAmIhu0Q$kWQToUKkL4qZpwaqGV3bloCi0s+Nym/o6cjI+RtvMz4=", "last_login": "2025-07-04T10:39:27.619Z", "is_superuser": false, "username": "wiw", "first_name": "", "last_name": "", "email": "wiw@mail.com", "is_staff": false, "is_active": true, "date_joined": "2025-07-04T10:38:24.796Z", "groups": [], "user_permissions": []}}, {"model": "auth.user", "pk": 16, "fields": {"password": "pbkdf2_sha256$1000000$c7ixw0Berj5gUJHE9o0boG$senCVZNW3TVaBq+l8LHu106kWpbR2NxFMg7KeDdqVcU=", "last_login": null, "is_superuser": false, "username": "wow", "first_name": "", "last_name": "", "email": "w@mail.com", "is_staff": false, "is_active": true, "date_joined": "2025-07-08T12:51:57.020Z", "groups": [], "user_permissions": []}}, {"model": "auth.user", "pk": 17, "fields": {"password": "pbkdf2_sha256$1000000$Nn1eTeECu5j9FuEFX9zUdR$s8HjNhAYZjD2TMS+okHmFxZnzJKyQJaziSAKk2vG0qs=", "last_login": null, "is_superuser": false, "username": "somehun", "first_name": "", "last_name": "", "email": "something@mail.com", "is_staff": false, "is_active": true, "date_joined": "2025-07-08T13:03:19.649Z", "groups": [], "user_permissions": []}}, {"model": "auth.user", "pk": 18, "fields": {"password": "pbkdf2_sha256$1000000$2nw3MuSr9eb25tKDkTKNwL$A+ngWY9qQfDIsiJQYc/N2s5lUX3lwJZ6fWysKCazSGI=", "last_login": null, "is_superuser": false, "username": "Frank3", "first_name": "", "last_name": "", "email": "frankhank@mail.com", "is_staff": false, "is_active": true, "date_joined": "2025-07-08T13:16:04.631Z", "groups": [], "user_permissions": []}}, {"model": "auth.user", "pk": 19, "fields": {"password": "pbkdf2_sha256$1000000$bsnfqjeQhObAJOrlv2ByGy$kzBFGvKWuIJsDr+xFTmpl9XWoxR+q6IuD0ZUNCu2nXs=", "last_login": "2025-07-08T13:31:16.746Z", "is_superuser": false, "username": "Frank45", "first_name": "", "last_name": "", "email": "frankchank@mail.com", "is_staff": false, "is_active": true, "date_joined": "2025-07-08T13:18:55.564Z", "groups": [], "user_permissions": []}}, {"model": "auth.user", "pk": 20, "fields": {"password": "pbkdf2_sha256$1000000$dk7XtW0C42sqMZxBc9RF3T$UG9XtyKP1o66ZC8bcndsbP5XF1KD98mJqYawCzS+L2o=", "last_login": "2025-07-08T13:54:56.509Z", "is_superuser": false, "username": "Yolandcry", "first_name": "", "last_name": "", "email": "maximus@mail.com", "is_staff": false, "is_active": true, "date_joined": "2025-07-08T13:54:55.071Z", "groups": [], "user_permissions": []}}, {"model": "sessions.session", "pk": "n3mbgl6ubc9gvgsrs57tvv7ar3po04gp", "fields": {"session_data": "e30:1uXS3O:-Mjvi3jrZ6lo70qlwh00s7LL0aoUtxBwAcHVyzLcDUY", "expire_date": "2025-07-17T22:05:14.674Z"}}, {"model": "sessions.session", "pk": "pxnr7v6t8574lp0zlfz4h1hbxnk6d4zq", "fields": {"session_data": ".eJxVjEEOwiAQRe_C2hCgQIlL956BDDODVA1NSrtqvLs06UK3773_dxFhW0vcGi9xInEVRonLL0yAL66HoSfUxyxxrusyJXkk8rRN3mfi9-1s_w4KtNLXSiO4BD4QBI8ahmApjaEDRVr57LMmF7wamBhNTy2o4ExGmz2PQOLzBRVQOLU:1uZ8me:edy4mNofMgQAFV0_OI0RJXoAaXcy2XPIvjC3Mrn8f9g", "expire_date": "2025-07-22T13:54:56.513Z"}}, {"model": "sessions.session", "pk": "xjnc2ihmnbkm73wm8ws2meitmazl6qdb", "fields": {"session_data": "e30:1uXRmb:bE1DjOwOig9HjgV2jrTvEmeO7KhSHZCu-RGLPRAhbW4", "expire_date": "2025-07-17T21:47:53.831Z"}}, {"model": "usermanager.profile", "pk": 2, "fields": {"user": 3, "email": "tim@mail.com", "bio": "", "pfp": ""}}, {"model": "usermanager.profile", "pk": 3, "fields": {"user": 18, "email": null, "bio": "", "pfp": ""}}, {"model": "usermanager.profile", "pk": 4, "fields": {"user": 19, "email": "frankchank@mail.com", "bio": "", "pfp": ""}}, {"model": "usermanager.profile", "pk": 5, "fields": {"user": 2, "email": "violet@mail.com", "bio": "", "pfp": ""}}, {"model": "usermanager.profile", "pk": 6, "fields": {"user": 20, "email": "maximus@mail.com", "bio": "", "pfp": ""}}, {"model": "usermanager.notification", "pk": 1, "fields": {"to_user": 3, "from_user": 1, "notif_type": "friend_request", "created": "2025-07-04T15:02:16.132Z", "is_read": true, "content_type": null, "object_id": null}}, {"model": "usermanager.notification", "pk": 2, "fields": {"to_user": 1, "from_user": 3, "notif_type": "friend_accept", "created": "2025-07-04T15:06:23.734Z", "is_read": false, "content_type": null, "object_id": null}}, {"model": "usermanager.notification", "pk": 3, "fields": {"to_user": 1, "from_user": 3, "notif_type": "friend_accept", "created": "2025-07-04T15:13:20.482Z", "is_read": false, "content_type": null, "object_id": null}}, {"model": "usermanager.notification", "pk": 4, "fields": {"to_user": 1, "from_user": 3, "notif_type": "friend_accept", "created": "2025-07-04T15:13:24.332Z", "is_read": false, "content_type": null, "object_id": null}}, {"model": "usermanager.notification", "pk": 5, "fields": {"to_user": 2, "from_user": 3, "notif_type": "friend_request", "created": "2025-07-04T15:18:13.482Z", "is_read": true, "content_type": null, "object_id": null}}, {"model": "usermanager.notification", "pk": 6, "fields": {"to_user": 14, "from_user": 3, "notif_type": "friend_request", "created": "2025-07-04T16:04:15.849Z", "is_read": false, "content_type": null, "object_id": null}}, {"model": "usermanager.notification", "pk": 7, "fields": {"to_user": 2, "from_user": 1, "notif_type": "friend_request", "created": "2025-07-04T16:08:06.200Z", "is_read": true, "content_type": null, "object_id": null}}, {"model": "usermanager.notification", "pk": 8, "fields": {"to_user": 1, "from_user": 2, "notif_type": "friend_accept", "created": "2025-07-04T16:19:22.711Z", "is_read": false, "content_type": null, "object_id": null}}, {"model": "usermanager.notification", "pk": 9, "fields": {"to_user": 2, "from_user": 3, "notif_type": "friend_request", "created": "2025-07-04T16:32:06.294Z", "is_read": true, "content_type": null, "object_id": null}}, {"model": "usermanager.notification", "pk": 10, "fields": {"to_user": 3, "from_user": 2, "notif_type": "friend_accept", "created": "2025-07-04T16:33:37.697Z", "is_read": false, "content_type": null, "object_id": null}}, {"model": "usermanager.notification", "pk": 11, "fields": {"to_user": 2, "from_user": 15, "notif_type": "friend_request", "created": "2025-07-05T09:44:35.743Z", "is_read": false, "content_type": null, "object_id": null}}, {"model": "usermanager.notification", "pk": 12, "fields": {"to_user": 14, "from_user": 15, "notif_type": "friend_request", "created": "2025-07-05T09:44:46.990Z", "is_read": false, "content_type": null, "object_id": null}}, {"model": "usermanager.notification", "pk": 13, "fields": {"to_user": 3, "from_user": 15, "notif_type": "friend_request", "created": "2025-07-05T11:55:09.901Z", "is_read": true, "content_type": null, "object_id": null}}, {"model": "usermanager.notification", "pk": 14, "fields": {"to_user": 15, "from_user": 3, "notif_type": "friend_accept", "created": "2025-07-05T11:55:52.368Z", "is_read": false, "content_type": null, "object_id": null}}, {"model": "usermanager.notification", "pk": 15, "fields": {"to_user": 3, "from_user": 1, "notif_type": "post_like", "created": "2025-07-08T12:09:39.239Z", "is_read": false, "content_type": 7, "object_id": 10}}, {"model": "usermanager.notification", "pk": 16, "fields": {"to_user": 3, "from_user": 1, "notif_type": "post_like", "created": "2025-07-08T12:11:41.052Z", "is_read": false, "content_type": 7, "object_id": 10}}, {"model": "usermanager.notification", "pk": 17, "fields": {"to_user": 3, "from_user": 1, "notif_type": "comment_like", "created": "2025-07-08T12:12:03.220Z", "is_read": false, "content_type": 8, "object_id": 8}}, {"model": "usermanager.notification", "pk": 18, "fields": {"to_user": 14, "from_user": 3, "notif_type": "post_like", "created": "2025-07-08T12:14:32.103Z", "is_read": false, "content_type": 7, "object_id": 13}}, {"model": "usermanager.notification", "pk": 19, "fields": {"to_user": 2, "from_user": 20, "notif_type": "post_like", "created": "2025-07-08T13:55:13.474Z", "is_read": false, "content_type": 7, "object_id": 1}}, {"model": "usermanager.notification", "pk": 20, "fields": {"to_user": 14, "from_user": 20, "notif_type": "comment_like", "created": "2025-07-08T13:55:19.509Z", "is_read": false, "content_type": 8, "object_id": 14}}, {"model": "usermanager.friendrequest", "pk": 1, "fields": {"from_user": 1, "to_user": 3, "status": "accepted", "created": "2025-07-04T15:02:16.121Z"}}, {"model": "usermanager.friendrequest", "pk": 2, "fields": {"from_user": 3, "to_user": 2, "status": "accepted", "created": "2025-07-04T15:18:13.473Z"}}, {"model": "usermanager.friendrequest", "pk": 3, "fields": {"from_user": 3, "to_user": 14, "status": "pending", "created": "2025-07-04T16:04:15.803Z"}}, {"model": "usermanager.friendrequest", "pk": 4, "fields": {"from_user": 1, "to_user": 2, "status": "accepted", "created": "2025-07-04T16:08:06.192Z"}}, {"model": "usermanager.friendrequest", "pk": 5, "fields": {"from_user": 15, "to_user": 2, "status": "pending", "created": "2025-07-05T09:44:35.739Z"}}, {"model": "usermanager.friendrequest", "pk": 6, "fields": {"from_user": 15, "to_user": 14, "status": "pending", "created": "2025-07-05T09:44:46.987Z"}}, {"model": "usermanager.friendrequest", "pk": 7, "fields": {"from_user": 15, "to_user": 3, "status": "accepted", "created": "2025-07-05T11:55:09.896Z"}}, {"model": "base.topic", "pk": 1, "fields": {"name": "[Art]"}}, {"model": "base.topic", "pk": 2, "fields": {"name": "[Community Event]"}}, {"model": "base.topic", "pk": 3, "fields": {"name": "[Buildcraft]"}}, {"model": "base.topic", "pk": 4, "fields": {"name": "[Question]"}}, {"model": "base.topic", "pk": 5, "fields": {"name": "[Discussion]"}}, {"model": "base.topic", "pk": 6, "fields": {"name": "[Other]"}}, {"model": "base.topiccount", "pk": 1, "fields": {"user": 3, "topic": 4, "score": 4}}, {"model": "base.topiccount", "pk": 2, "fields": {"user": 3, "topic": 2, "score": 1}}, {"model": "base.topiccount", "pk": 3, "fields": {"user": 3, "topic": 6, "score": 1}}, {"model": "base.topiccount", "pk": 4, "fields": {"user": 1, "topic": 4, "score": 12}}, {"model": "base.topiccount", "pk": 5, "fields": {"user": 1, "topic": 6, "score": 20}}, {"model": "base.topiccount", "pk": 6, "fields": {"user": 1, "topic": 2, "score": 9}}, {"model": "base.topiccount", "pk": 9, "fields": {"user": 14, "topic": 4, "score": 5}}, {"model": "base.topiccount", "pk": 10, "fields": {"user": 14, "topic": 5, "score": 1}}, {"model": "base.topiccount", "pk": 11, "fields": {"user": 14, "topic": 3, "score": 3}}, {"model": "base.topiccount", "pk": 12, "fields": {"user": 2, "topic": 4, "score": 5}}, {"model": "base.topiccount", "pk": 13, "fields": {"user": 2, "topic": 3, "score": 1}}, {"model": "base.topiccount", "pk": 14, "fields": {"user": 2, "topic": 6, "score": 1}}, {"model": "base.topiccount", "pk": 15, "fields": {"user": 2, "topic": 2, "score": 1}}, {"model": "base.topiccount", "pk": 16, "fields": {"user": 2, "topic": 5, "score": 5}}, {"model": "base.topiccount", "pk": 17, "fields": {"user": 15, "topic": 5, "score": 8}}, {"model": "base.topiccount", "pk": 18, "fields": {"user": 15, "topic": 6, "score": 1}}, {"model": "base.topiccount", "pk": 19, "fields": {"user": 15, "topic": 2, "score": 3}}, {"model": "base.topiccount", "pk": 20, "fields": {"user": 15, "topic": 3, "score": 1}}, {"model": "base.topiccount", "pk": 21, "fields": {"user": 15, "topic": 4, "score": 2}}, {"model": "base.topiccount", "pk": 22, "fields": {"user": 1, "topic": 5, "score": 6}}, {"model": "base.topiccount", "pk": 23, "fields": {"user": 3, "topic": 3, "score": 4}}, {"model": "base.topiccount", "pk": 24, "fields": {"user": 1, "topic": 3, "score": 6}}, {"model": "base.topiccount", "pk": 25, "fields": {"user": 3, "topic": 5, "score": 2}}, {"model": "base.topiccount", "pk": 26, "fields": {"user": 20, "topic": 4, "score": 4}}, {"model": "base.room", "pk": 1, "fields": {"host": 2, "topic": 4, "name": "New to the game :)", "description": "Hi!!! I saw [game] advertised on my feed recently and installed it yesterday. Was wondering if you guys could give me some directions? Any tips for fresh new players?", "image": "", "updated": "2025-06-25T14:22:42.769Z", "created": "2025-06-16T15:50:59.320Z", "likes": [2, 20]}}, {"model": "base.room", "pk": 2, "fields": {"host": 1, "topic": 6, "name": "Literally unplayable", "description": "[boss] is too hard. Let me win. >:(", "image": "", "updated": "2025-06-27T18:52:40.217Z", "created": "2025-06-16T15:51:33.211Z", "likes": [1]}}, {"model": "base.room", "pk": 10, "fields": {"host": 3, "topic": 3, "name": "Super advanced and cool ranger build", "description": "Gazillion dps with two buttons", "image": "room_images/skilltree_arch1.png", "updated": "2025-07-07T09:50:29.123Z", "created": "2025-06-27T10:03:33.816Z", "likes": [1]}}, {"model": "base.room", "pk": 11, "fields": {"host": 3, "topic": 2, "name": "I am a mod now", "description": "fear me paesants", "image": "", "updated": "2025-07-01T10:15:56.620Z", "created": "2025-07-01T10:15:56.620Z", "likes": []}}, {"model": "base.room", "pk": 13, "fields": {"host": 14, "topic": 5, "name": "Which class is best?", "description": "It's gotta be [class]. It has access to any kit in the game and also applies a ton of conditions with a few moves.", "image": "", "updated": "2025-07-04T11:01:39.393Z", "created": "2025-07-04T11:01:39.393Z", "likes": [1, 2, 3, 15]}}, {"model": "base.room", "pk": 14, "fields": {"host": 20, "topic": 4, "name": "What path do you recommend?", "description": "Hi, new player here. Was wondering which path to choose on the lv10 dungeon mission, as a total beginner? I've heard one of them is significally easier.", "image": "", "updated": "2025-07-08T13:57:19.545Z", "created": "2025-07-08T13:57:19.545Z", "likes": []}}, {"model": "base.message", "pk": 6, "fields": {"user": 1, "deleted_by_moderator": false, "room": 1, "body": "no", "updated": "2025-06-28T19:24:09.285Z", "created": "2025-06-28T19:24:09.285Z", "likes": [1, 15]}}, {"model": "base.message", "pk": 7, "fields": {"user": 1, "deleted_by_moderator": true, "room": 11, "body": "no way", "updated": "2025-07-01T10:36:13.256Z", "created": "2025-07-01T10:28:13.992Z", "likes": []}}, {"model": "base.message", "pk": 8, "fields": {"user": 3, "deleted_by_moderator": false, "room": 1, "body": "welcome! ", "updated": "2025-07-01T13:21:27.190Z", "created": "2025-07-01T13:21:27.190Z", "likes": [1]}}, {"model": "base.message", "pk": 9, "fields": {"user": 1, "deleted_by_moderator": false, "room": 1, "body": "does this work", "updated": "2025-07-02T09:04:45.676Z", "created": "2025-07-02T09:04:45.676Z", "likes": []}}, {"model": "base.message", "pk": 10, "fields": {"user": 1, "deleted_by_moderator": true, "room": 2, "body": "h", "updated": "2025-07-07T11:00:17.540Z", "created": "2025-07-02T09:05:00.082Z", "likes": []}}, {"model": "base.message", "pk": 13, "fields": {"user": 14, "deleted_by_moderator": false, "room": 1, "body": "hi I ", "updated": "2025-07-04T10:41:37.429Z", "created": "2025-07-04T10:41:37.429Z", "likes": []}}, {"model": "base.message", "pk": 14, "fields": {"user": 14, "deleted_by_moderator": false, "room": 1, "body": "I meant to say i am new as well :(", "updated": "2025-07-04T10:41:54.004Z", "created": "2025-07-04T10:41:54.005Z", "likes": [1, 20]}}, {"model": "base.message", "pk": 15, "fields": {"user": 14, "deleted_by_moderator": false, "room": 10, "body": "You would do more if you swapped [trait] with [another trait]. I don't get why people are so bent on using [trait].", "updated": "2025-07-04T11:03:29.690Z", "created": "2025-07-04T11:03:29.690Z", "likes": []}}, {"model": "base.message", "pk": 16, "fields": {"user": 15, "deleted_by_moderator": false, "room": 13, "body": "I know it's not meta, but I really like the [other class]! :(", "updated": "2025-07-05T09:33:04.430Z", "created": "2025-07-05T09:33:04.430Z", "likes": [15]}}, {"model": "base.share", "pk": 2, "fields": {"user": 1, "original": 10, "caption": "This is better. Who needs survivability on a ranger??", "updated": "2025-07-07T09:52:13.985Z", "image": "shares/skilltree_arch2.png", "created": "2025-07-07T09:52:13.989Z"}}]
